编号与标题,日期、类型与位置,公开来源 URL,使用限制
P01  Q2 2026 earnings release,2026-07-22；公司原始披露 / 一级来源；位置：2026Q2 / H1 / FY2026 guidance,https://www.gevernova.com/sites/default/files/gev_webcast_pressrelease_07222026.pdf,公司披露；含非GAAP指标、Prolec并表及长周期业务；全公司积压不等于AI订单。
P02  Q2 2026 management transcript,2026-07-22；公司原始披露 / 一级来源；位置：2026Q2；2028/2030 capacity plans,https://www.gevernova.com/sites/default/files/gev_webcast_transcript_07222026.pdf,公司管理层判断和扩产计划；SRA仅为产能预订，不等同正式设备积压。与P01属于同次业绩披露。
P03  Q2 2026 investor presentation,2026-07-22；公司原始披露 / 一级来源；位置：2026Q2,https://www.gevernova.com/sites/default/files/gev_webcast_presentation_07222026.pdf,与P01/P02为同次披露，不能视作独立第三方交叉验证。
P04  Q3 FY2026 earnings release and financial results,2026-08-05；公司原始披露 / 一级来源；位置：FY2026Q3 ended 2026-06-30 / FY2026 guidance,https://assets.siemens-energy.com/dam/30018eed-275d-4e73-811e-b49d004cdc3d/2026-08-05-Earnings_Release_Q3_FY26_EN-pdf_Original%20file.pdf,财政年度截至9月；税前FCF指引不能和美国公司税后FCF直接比较。GS/GT积压包含大量非AI客户。
P05  Q3 FY2026 analyst presentation,2026-08-05；公司原始披露 / 一级来源；位置：FY2026Q3 / capacity to FY2030,https://assets.siemens-energy.com/dam/3e846440-66dd-4a56-be75-b49d004e6741/2026-08-05_Q3_Analyst_presentation-pdf_Original%20file.pdf,扩产为公司计划；图表数值需要保留机组大小和单位，不能将台数与GW混用。
P06  2025 Capital Market Day — Gas Services,2025-11-20；公司原始披露 / 一级来源；位置：FY2024-2030,https://assets.siemens-energy.com/dam/5fc093ca-4fd8-482c-8390-b39b004f66f3/251120_CMD-2025_Gas_Services_FINAL-pdf_Original%20file.pdf,2025年预测，扩产进度以2026年P05更新；GW口径包含联合循环蒸汽轮机容量。
P07  2025 Capital Market Day — Grid Technologies,2025-11-20；公司原始披露 / 一级来源；位置：FY2023-2030,https://assets.siemens-energy.com/dam/d8d5d849-a7a9-4b19-a969-b39b004f6c26/251120_CMD-2025_Grid_Technologies_FINAL-pdf_Original%20file.pdf,市场缺口图由公司内部估计，不能当独立行业统计；投资包含变压器、开关设备及地产。
P08  Q2 2026 earnings release — SEC Exhibit 99,2026-07-31；公司原始披露 / 一级来源；位置：2026Q2 / FY2026 guidance,https://www.sec.gov/Archives/edgar/data/1551182/000155118226000027/etn06302026exhibit99.htm,headline增长包含并购；滚动12个月订单增速不是当季订单同比；调整EPS有大额摊销/交易费用剔除。
P09  Q2 2026 Form 10-Q,2026-07-31；公司原始披露 / 一级来源；位置：2026Q2 / H1 ended 2026-06-30,https://www.sec.gov/Archives/edgar/data/1551182/000155118226000030/etn-20260630.htm,积压定义为客户明确承诺订单，但公司没有将数据中心/AI积压独立量化。
P10  Q2 2026 earnings release — SEC Exhibit 99.1,2026-07-29；公司原始披露 / 一级来源；位置：2026Q2 / FY2026 guidance,https://www.sec.gov/Archives/edgar/data/1674101/000162828026050323/q22026exhibit991vrt07292026.htm,液冷收入/利润未独立披露；不得将整体增长和利润率全部归因液冷。
P11  Q2 2026 Form 10-Q,2026-07-29；公司原始披露 / 一级来源；位置：2026Q2 / H1 ended 2026-06-30,https://www.sec.gov/Archives/edgar/data/1674101/000162828026050609/vrt-20260630.htm,存在营运资本及预收收入现金流贡献；6月底净现金并非研究日并购完成后的现金状况。
P12  Utility Innovation Holdings acquisition — Form 8-K,2026-09-02；公司原始披露 / 一级来源；位置：Agreement dated 2026-09-01; expected close Q4 2026,https://www.sec.gov/Archives/edgar/data/1674101/000119312526379306/d472406d8k.htm,尚未交割；最高earnout取决于EBITDA目标，不能全部视为已付，也不能全忽略。
P13  Half Year 2026 Results,2026-07-30；公司原始披露 / 一级来源；位置：2026H1 / Q2 / FY2026 targets,https://www.se.com/ww/en/assets/pdf/release-hy-results-2026,运营现金流在公司该表中为营运资本变动前口径；FCF同比含去年罚款基数；无液冷独立收入/利润。
P14  Q2 2026 Form 10-Q,2026-07-22；公司原始监管披露 / 一级来源；位置：H1/Q2 ended 2026-06-30,https://www.gevernova.com/sites/default/files/gev_webcast_10q_07222026.pdf,净利润含Prolec重新估值收益3992m；现金表头含restricted cash。
SEMI01  Q3 FY2026 Prepared Remarks,2026-06-24；公司一级披露；位置：pp1–3,https://s25.q4cdn.com/621799436/files/doc_financials/2026/q3/Q3-FY26-Prepared-Remarks.pdf,最低合同额跨至 2030 年；22bn 含存款和相关承诺，预计现金存款约 18bn；可退款，收款时列融资现金流。地板价格未公开。
SEMI02  Q3 FY2026 Prepared Remarks,"2026-06-24；公司一级披露；位置：pp2,4–6,10",https://s25.q4cdn.com/621799436/files/doc_financials/2026/q3/Q3-FY26-Prepared-Remarks.pdf,2027紧张是供应商预测；对价格上限约束、成本上升和新增产能需做正常化估值。
SEMI03  FY2026Q3 Release,2026-06-24；公司一级披露；位置：财务报表与 FCF 对账,https://investors.micron.com/news/press-release/2026/Micron-Technology-Inc--Reports-Record-Results-for-the-Third-Quarter-of-Fiscal-2026/default.aspx,季度毛利84.6%异常高，不作为永续正常率；披露FCF包含补助净额，与普通FCF不同。
SEMI04  FY2026Q2 Earnings Release,2026-07-29；公司一级披露；位置：Main press release,https://news.skhynix.com/en/q2-2026-business-results/,公司声称技术领先，未提供独立验证份额或HBM单独毛利，不能沿用旧HBM市占率。
SEMI05  FY2026Q2 Earnings Presentation,"2026-07-29；公司一级披露；位置：pp6,12,14,15",https://mis-prod-koce-homepage-cdn-01-blob-ep.azureedge.net/web/attach/13571040283022005.pdf,数字四舍五入；p14 Q1 EPS21522与同表Q1净利40346bn/股数712m不一致，Q1EPS排除；新闻PDF声明尚未完成审阅。
SEMI06  Share buyback and retirement,2026-08-19；公司一级披露；位置：Board resolution announcement,https://news.skhynix.com/en/share-buyback-and-retirement/,截至9月5日尚未完成全部回购；不等于已注销；公司认为低估是观点，非独立估值。
SEMI07  Indiana HBM facility groundbreaking,2026-08-28；公司一级披露；位置：Investment schedule,https://news.skhynix.com/en/groundbreaking-ceremony-in-indiana/,韩国M15X/龙仁及其他公司扩产仍会在窗口内新增供给；美国项目只是局部。
"SEMI08  Q2 2026 earnings call, management quotations hosted by Yahoo/Quartr","2026-07-16；管理层发言的二级逐字稿转载；位置：timestamps00:07:55,00:33:54,00:43:29,00:57:17",https://finance.yahoo.com/quote/TSM/earnings/TSM-Q2-2026-earnings_call-649922.html,管理层原话二级转载，官方逐字稿链接已验证但无法保存正文；未采用外部未核实月产能数字。
SEMI09  Q2 2026 Consolidated Financial Report,2026-08-14；公司一级披露；位置：合并损益表、现金流量表；Note13；Note25,https://www.sec.gov/Archives/edgar/data/1046179/000104617926000541/a2026q2consolidatedreport-.htm,原披露单位为千新台币；底稿换算为百万新台币。ADS＝5 普通股；Q2 的 VIS 处置及重估收益在估值中剔除。
SEMI10  Q2 FY2027 Earnings Release,2026-08-26；公司一级披露；位置：Income statement/cash flow statement,https://nvidianews.nvidia.com/news/nvidia-announces-financial-results-for-second-quarter-fiscal-2027,Q3为指引；中国出口限制及ASIC竞争风险；证券收益与供应融资需单列，不能直接以净利年化。
SEMI11  Second Quarter 2026 Results,2026-07-30；公司一级披露；位置：DS division and outlook,https://news.samsung.com/global/samsung-electronics-announces-second-quarter-2026-results,公司自称技术领先；未提供HBM单独毛利或份额；DS包括其他业务。
SEMI12  Q3 FY2026 Financial Results and Dividend,2026-09-02；公司通过PRNewswire发布的一级新闻稿；位置：Financial statements and CEO quote,https://www.prnewswire.com/news-releases/broadcom-inc-announces-third-quarter-fiscal-year-2026-financial-results-and-quarterly-dividend-302868129.html,半导体与软件利润混合；非GAAP剔除SBC，Q3SBC为2.019bnUSD；净债35.444bnUSD。
SEMI13  Q4 and Full FY2026 Results,"2026-08-11；公司一级披露；位置：pp1-2,5-8",https://s21.q4cdn.com/377324469/files/doc_news/Lumentum-Announces-Fourth-Quarter-and-Full-Fiscal-Year-2026-Results-2026.pdf,尚未取得独立市场份额和统一供应缺口统计；债务转股损失不代表经营亏损，亏损期GAAP EPS也不能直接年化。
M01  IEA Key Questions on Energy and AI,"2026-04-16；国际机构报告；含情景和二级引用；位置：pp9–11,21–23,26–27,63–65",https://iea.blob.core.windows.net/assets/3179f7f8-01f6-4dd6-bffa-c9f7b73f1dc9/KeyQuestionsonEnergyandAI.pdf,2030 为基准预测；并网申请量有重复和投机成分。
M02  Alphabet Q2 2026 earnings release,2026-07-22；公司一级披露；位置：Income statement / cash flow / financing discussion,https://s206.q4cdn.com/479360582/files/doc_financials/2026/q2/2026q2-alphabet-earnings-release.pdf,Cloud 包括非 AI 业务；单家公司不能代表全行业。
F01  TSMC 2025 Form 20-F,2026-04-16；监管一级披露；位置：F-8、F-11、Note32；ADS beneficial ownership note (2),https://www.sec.gov/Archives/edgar/data/1046179/000162828026025362/tsm-20251231.htm,每 ADS 为 5 普通股；历史 EPS 含非经常损益。
F02  Micron SEC companyfacts,2026-06-25；SEC XBRL；对应 FY26Q3 10-Q；位置：accn 0000723125-26-000015；YTD 2025-08-29 至 2026-05-28,https://data.sec.gov/api/xbrl/companyfacts/CIK0000723125.json,YTD 不是单季；公司 FCF 与标准 CFO－PP&E 不同。
Q01  TSM 报价,2026-09-04；Yahoo 二级行情；位置：2026-09-04T16:00:02-04:00,https://query1.finance.yahoo.com/v8/finance/chart/TSM?interval=1d&range=1mo,Yahoo日线未调整收盘；各市场收盘不同步。
Q02  2330.TW 报价,2026-09-04；Yahoo 二级行情；位置：2026-09-04T13:30:12+08:00,https://query1.finance.yahoo.com/v8/finance/chart/2330.TW?interval=1d&range=1mo,Yahoo日线未调整收盘；各市场收盘不同步。
Q03  000660.KS 报价,2026-09-04；Yahoo 二级行情；位置：2026-09-04T15:30:23+09:00,https://query1.finance.yahoo.com/v8/finance/chart/000660.KS?interval=1d&range=1mo,Yahoo日线未调整收盘；各市场收盘不同步。
Q04  MU 报价,2026-09-04；Yahoo 二级行情；位置：2026-09-04T16:00:01-04:00,https://query1.finance.yahoo.com/v8/finance/chart/MU?interval=1d&range=1mo,Yahoo日线未调整收盘；各市场收盘不同步。
Q05  ETN 报价,2026-09-04；Yahoo 二级行情；位置：2026-09-04T16:00:03-04:00,https://query1.finance.yahoo.com/v8/finance/chart/ETN?interval=1d&range=1mo,Yahoo日线未调整收盘；各市场收盘不同步。
Q06  GEV 报价,2026-09-04；Yahoo 二级行情；位置：2026-09-04T16:00:02-04:00,https://query1.finance.yahoo.com/v8/finance/chart/GEV?interval=1d&range=1mo,Yahoo日线未调整收盘；各市场收盘不同步。
Q07  VRT 报价,2026-09-04；Yahoo 二级行情；位置：2026-09-04T16:00:02-04:00,https://query1.finance.yahoo.com/v8/finance/chart/VRT?interval=1d&range=1mo,Yahoo日线未调整收盘；各市场收盘不同步。
Q08  SU.PA 报价,2026-09-04；Yahoo 二级行情；位置：2026-09-04T17:36:56+02:00,https://query1.finance.yahoo.com/v8/finance/chart/SU.PA?interval=1d&range=1mo,Yahoo regularMarketPrice 最新常规市场报价；当日历史日线close缺失；各市场收盘不同步。
Q09  NVDA 报价,2026-09-04；Yahoo 二级行情；位置：2026-09-04T16:00:00-04:00,https://query1.finance.yahoo.com/v8/finance/chart/NVDA?interval=1d&range=1mo,Yahoo日线未调整收盘；各市场收盘不同步。
Q10  AVGO 报价,2026-09-04；Yahoo 二级行情；位置：2026-09-04T16:00:01-04:00,https://query1.finance.yahoo.com/v8/finance/chart/AVGO?interval=1d&range=1mo,Yahoo日线未调整收盘；各市场收盘不同步。
Q11  ANET 报价,2026-09-04；Yahoo 二级行情；位置：2026-09-04T16:00:03-04:00,https://query1.finance.yahoo.com/v8/finance/chart/ANET?interval=1d&range=1mo,Yahoo日线未调整收盘；各市场收盘不同步。
Q12  ENR.DE 报价,2026-09-04；Yahoo 二级行情；位置：2026-09-04T17:35:36+02:00,https://query1.finance.yahoo.com/v8/finance/chart/ENR.DE?interval=1d&range=1mo,Yahoo regularMarketPrice 最新常规市场报价；当日历史日线close缺失；各市场收盘不同步。
FX1  TWD=X 汇率,2026-09-04；Yahoo 二级汇率；位置：TWD per USD,https://query1.finance.yahoo.com/v8/finance/chart/TWD=X?interval=1d&range=5d,历史日线；非同一瞬间的可交易换汇价格。
FX2  KRW=X 汇率,2026-09-04；Yahoo 二级汇率；位置：KRW per USD,https://query1.finance.yahoo.com/v8/finance/chart/KRW=X?interval=1d&range=5d,历史日线；非同一瞬间的可交易换汇价格。
FX3  EURUSD=X 汇率,2026-09-04；Yahoo 二级汇率；位置：USD per EUR,https://query1.finance.yahoo.com/v8/finance/chart/EURUSD=X?interval=1d&range=5d,历史日线；非同一瞬间的可交易换汇价格。
MP01  Constellation Reports Second Quarter 2026 Results,2026-08-06；公司一级披露；位置：新闻稿；PDF 第1–4页：指引、Crane、新增PPA及调整盈利对账,https://www.constellationenergy.com/news/2026/08/constellation-reports-second-quarter-2026-results.html,调整EPS为公司非GAAP口径；2027重启为目标；本季新增920MW合同2029–2032年开始。
MP02  Constellation and Meta Sign 20-Year Clinton PPA,2025-06-03；公司一级披露；位置：开头及ZEC替代、清洁能源属性段落,https://www.constellationenergy.com/news/2025/constellation-meta-sign-20-year-deal-for-clean-reliable-nuclear-energy-in-illinois.html,1121MW主要为存量延续，仅30MW为增容；实际PPA单价和项目股东收益未披露。
MP03  Constellation to Launch Crane Clean Energy Center,2024-09-20；公司一级披露；位置：开头：微软20年PPA、约835MW及重启条件,https://www.constellationenergy.com/news/2024/Constellation-to-Launch-Crane-Clean-Energy-Center-Restoring-Jobs-and-Carbon-Free-Power-to-The-Grid.html,原稿预计2028年投运；最新MP01已更新为2027年目标。合同成立不等于已投运。
"MP04  Talen Energy Reports Second Quarter 2026 Results, Raises 2026 Guidance",2026-08-05；公司一级披露；位置：财务表、2026指引、调整FCF定义及对账,https://ir.talenenergy.com/news-releases/news-release-details/talen-energy-reports-second-quarter-2026-results-raises-2026/,调整FCF已扣维护资本开支、核燃料、利息、现金税和养老金；排除开发/增长/转换资本开支及股权激励等。
MP05  Talen Q2 2026 Results Presentation,2026-08-05；公司一级披露；位置：PDF第10/12/16–18/20–22页；印刷页码9/11/15–17/19–21,https://ir.talenenergy.com/static-files/bf510e55-32b6-4dc4-b863-5b59c086ba60,2027/2028每股调整FCF为公司展望；基础固定47.9百万股；回购影响单列。2028仅30%发电量套保，仍有较高电价风险。
MP06  Talen Energy Expands Nuclear Energy Relationship with Amazon,2025-06-11；公司一级披露；位置：开头：1920MW、2042年到期、最晚2032年全量供电,https://ir.talenenergy.com/news-releases/news-release-details/talen-energy-expands-nuclear-energy-relationship-amazon/,全量1920MW分期爬坡；2026已完成供电模式转换不代表合同容量已全部兑现。
MP07  Talen Q2 2026 Form 10-Q,2026-08-05；公司SEC申报；位置：印刷第5页现金流；第14页注8；第25–27页注13；第34/39页；第44页AWS词汇定义,https://www.sec.gov/Archives/edgar/data/1622536/000162253626000066/tln-20260630.htm,股权奖励经济成本与未来增长投入仍需研究假设；495百万美元为集中到期奖励结算，不能年化。
MP08  CEG Yahoo daily unadjusted close,2026-09-04；公开行情；位置：2026-09-04日线；indicators.quote.close,https://query1.finance.yahoo.com/v8/finance/chart/CEG?interval=1d&range=1mo,价格为日线未调整收盘；时间戳为该日交易时段起点，不是收盘时刻。
MP09  TLN Yahoo daily unadjusted close,2026-09-04；公开行情；位置：2026-09-04日线；indicators.quote.close,https://query1.finance.yahoo.com/v8/finance/chart/TLN?interval=1d&range=1mo,价格为日线未调整收盘；时间戳为该日交易时段起点，不是收盘时刻。
